Timestamp,Your Reddit Username (no emails please),Trim,Lux Package Added?,Copilot 360 Added?,Drivetrain Type?,Color?,Add any of these addons?,Date your confirmation email for your ORDER happened. (Not the scheduled prod date),Scheduled Production Week ,"What state do you live in? (Or, picking up from if out of state)",
8/5/2021 8:16:19,arejota,Lariat,Yes,Yes,Ecoboost,Velocity Blue,Moon Roof,July,9/20/2021,Missouri,
8/5/2021 8:18:31,isoldae,XLT,Yes,Yes,Ecoboost,Cactus Grey,Manual Rear Window,June,9/20/2021,,
8/5/2021 8:27:28,BigBearWoodwork,Lariat,Yes,Yes,Ecoboost,Velocity Blue,None,June,9/20/2021,,
8/5/2021 8:30:21,Kinglordt ,XLT,Yes,Yes,Hybrid,Cactus Grey,None,July,9/20/2021,,
8/5/2021 8:32:50,spiderman814,XLT,Yes,Yes,Ecoboost,Cactus Grey,None,June,9/20/2021,,
8/5/2021 8:33:01,Surely_Spurge,XLT,Yes,No,Ecoboost,Cactus Grey,None,June,9/20/2021,,
8/5/2021 8:33:36,SlowUrRollMilosevic,XLT,Yes,No,Ecoboost,Cactus Grey,None,June,9/20/2021,,
8/5/2021 8:33:39,I_Hate_OverheadSquat,XLT,No,Yes,Hybrid,Velocity Blue,None,July,9/27/2021,Colorado,
8/5/2021 8:35:59,lingle98,XLT,Yes,Yes,Ecoboost,Cactus Grey,None,June,9/13/2021,Illinois,
8/5/2021 8:39:28,Alloutpenguinwar,XLT,Yes,Yes,Hybrid,Carbonized Grey,Manual Rear Window,June,9/13/2021,Ohio,
8/5/2021 8:53:42,willdubbz,Lariat,Yes,Yes,Ecoboost,Hot Pepper Red,None,July,9/20/2021,Virginia,
8/5/2021 8:58:39,Understeerenthusiast,Lariat,Yes,Yes,Ecoboost,Hot Pepper Red,,July,9/20/2021,Ohio ,
8/5/2021 8:59:19,SwiftDookie,Lariat,Yes,Yes,Ecoboost,Shadow Black,Moon Roof,July,9/20/2021,,
8/5/2021 9:19:34,balucipher,XLT,No,Yes,Ecoboost,Cyber Orange,None,June,9/20/2021,,
8/5/2021 9:34:22,rmamr ,XLT,No,No,Hybrid,Cactus Grey,Manual Rear Window,June,9/20/2021,,
8/5/2021 10:03:07,WildwestPstyle,XL,No,No,Ecoboost,Carbonized Grey,None,June,9/20/2021,California,
8/5/2021 10:22:53,Ledskynyrd,XLT,Yes,Yes,Ecoboost,Velocity Blue,Manual Rear Window,July,9/20/2021,Virginia,
8/5/2021 10:39:12,Eaglestrike1212,XL,No,No,Hybrid,Velocity Blue,Moon Roof,June,9/27/2021,Massachusetts,
8/5/2021 11:16:27,LezLibertarian,Lariat,Yes,Yes,Ecoboost,Velocity Blue,None,July,9/13/2021,Michigan,
8/5/2021 11:16:37,Enoel10,Lariat,No,Yes,Ecoboost,Cactus Grey,None,July,9/20/2021,Massachusetts,
8/5/2021 12:59:04,ndemery,Lariat,Yes,Yes,Hybrid,Area 51,Moon Roof,June,9/20/2021,Missouri,
8/5/2021 13:42:03,massy11155,XLT,Yes,Yes,Hybrid,Area 51,None,June,9/13/2021,Ohio,
8/5/2021 14:41:37,Signal-assumption-60,XLT,No,Yes,Ecoboost,Cactus Grey,Manual Rear Window,August,9/20/2021,Georgia,
8/5/2021 15:05:20,CapnMeta4,Lariat,Yes,Yes,Ecoboost,Velocity Blue,None,June,9/13/2021,Colorado,
8/5/2021 15:21:56,Yobwoc_,XLT,No,No,Hybrid,Carbonized Grey,None,July,9/20/2021,Georgia,
8/5/2021 16:02:19,Numbermuncher57,XLT,Yes,No,Ecoboost,Velocity Blue,None,July,9/20/2021,Maryland,
8/5/2021 16:24:45,Abba-the-Hutt,Lariat,Yes,Yes,Ecoboost,Area 51,None,July,9/20/2021,Indiana,
8/5/2021 16:48:24,Gamestamatic,XLT,Yes,No,Ecoboost,Carbonized Grey,"Moon Roof, Manual Rear Window",June,9/13/2021,Tennessee,
8/5/2021 17:08:37,Bigcuce,XLT,Yes,No,Ecoboost,Velocity Blue,None,August,9/20/2021,Florida,
8/5/2021 17:30:04,TrooperGary ,XLT,No,No,Ecoboost,Cyber Orange,None,June,9/20/2021,Alabama,
8/5/2021 18:24:07,Fuzzdragon22,Lariat,Yes,Yes,Hybrid,Cyber Orange,None,June,9/20/2021,Texas,
8/5/2021 18:29:51,Piratearrgh,XL,No,No,Hybrid,Cactus Grey,None,July,9/20/2021,North Carolina,
8/5/2021 20:58:46,DoneWithYaTrunk,XLT,Yes,Yes,Ecoboost,Area 51,Tonneau Cover,July,9/27/2021,Ohio,
8/6/2021 7:24:09,wtovi1223,XLT,Yes,Yes,Ecoboost,Carbonized Grey,Moon Roof,July,9/20/2021,Maryland,
8/12/2021 7:56:44,Shadarian,XLT,No,Yes,Ecoboost,Carbonized Grey,Non-Lux Spray-in Bed,August,10/25/2021,South Carolina,
8/12/2021 8:26:07,Tcw8848,Lariat,Yes,Yes,Ecoboost,Shadow Black,Moon Roof,July,9/20/2021,Florida,
8/12/2021 12:57:39,Mattb0yslim,Lariat,Yes,Yes,Ecoboost,Oxford White,Moon Roof,August,10/4/2021,Illinois,
8/12/2021 12:58:09,AlternativeRoom3156,XL,No,Yes,Hybrid,Area 51,Moon Roof,June,10/11/2021,Ohio,
8/12/2021 12:59:06,cb91785,XLT,No,No,Hybrid,Iconic Silver,None,June,10/11/2021,Florida,
8/12/2021 13:00:06,Just_Tayb,XLT,Yes,Yes,Ecoboost,Cyber Orange,"Moon Roof, Manual Rear Window",June,10/4/2021,Pennsylvania,
8/12/2021 13:00:12,brnpttmn,XLT,No,No,Hybrid,Cactus Grey,None,June,10/4/2021,Minnesota,
8/12/2021 13:00:56,Khoomeizhi,XL,No,Yes,Hybrid,Area 51,Manual Rear Window,August,10/11/2021,Texas,
8/12/2021 13:01:00,Ianbee2,Lariat,Yes,Yes,Ecoboost,Velocity Blue,Moon Roof,June,10/4/2021,Florida,
8/12/2021 13:02:15,Trashboat ,XLT,No,No,Ecoboost,Alto Blue,Tonneau Cover,July,10/11/2021,Pennsylvania,
8/12/2021 13:02:18,wiseguy3501,Lariat,Yes,Yes,Ecoboost,Cactus Grey,Moon Roof,June,10/11/2021,Minnesota,
8/12/2021 13:02:46,ITsPersonalIRL,XLT,No,No,Hybrid,Area 51,None,June,10/4/2021,Alabama,
8/12/2021 13:02:51,louie1214,XLT,Yes,No,Ecoboost,Alto Blue,None,June,10/4/2021,Rhode Island,
8/12/2021 13:03:02,Hugh_Jeffincock,XLT,Yes,No,Ecoboost,Shadow Black,"Moon Roof, Manual Rear Window",August,10/4/2021,Pennsylvania,
8/12/2021 13:03:32,asonge,XLT,No,Yes,Hybrid,Alto Blue,None,June,10/4/2021,Louisiana,
8/12/2021 13:03:51,Vitalsigns159,XLT,Yes,Yes,Ecoboost,Cactus Grey,None,July,10/11/2021,Missouri,
8/12/2021 13:04:04,fritzen97,XL,No,Yes,Hybrid,Area 51,None,June,10/11/2021,Arizona,
8/12/2021 13:05:26,Josh7564,XLT,Yes,Yes,Ecoboost,Alto Blue,"Moon Roof, Manual Rear Window",June,10/4/2021,Colorado,
8/12/2021 13:09:48,Aquila2085 ,Lariat,Yes,Yes,Ecoboost,Velocity Blue,None,July,10/4/2021,Pennsylvania,
8/12/2021 13:10:04,JJC,Lariat,No,No,Ecoboost,Iconic Silver,None,July,10/11/2021,Iowa,
8/12/2021 13:10:42,Shmokesshweed,Lariat,Yes,Yes,Ecoboost,Velocity Blue,Moon Roof,July,10/11/2021,Washington,
8/12/2021 13:11:23,Bestfriendforlife,XLT,Yes,No,Ecoboost,Alto Blue,None,June,10/4/2021,Tennessee,
8/12/2021 13:12:52,Myklong,Lariat,No,No,Ecoboost,Area 51,None,July,10/4/2021,Texas,
8/12/2021 13:14:48,whitexmas88,XL,No,Yes,Hybrid,Velocity Blue,None,July,10/11/2021,Oregon,
8/12/2021 13:15:01,NotGoodAtThis12,Lariat,Yes,Yes,Ecoboost,Velocity Blue,None,July,10/11/2021,Missouri,
8/12/2021 13:16:23,Brian_j,XLT,Yes,No,Ecoboost,Hot Pepper Red,Manual Rear Window,July,10/4/2021,Pennsylvania,
8/12/2021 13:18:52,deakaleak,XLT,Yes,Yes,Ecoboost,Cactus Grey,None,July,10/4/2021,Pennsylvania,
8/12/2021 13:20:08,zekethephysique,XLT,Yes,Yes,Ecoboost,Oxford White,Manual Rear Window,July,10/4/2021,Texas,
8/12/2021 13:20:54,Jackattack222,XL,No,Yes,Hybrid,Area 51,None,July,10/11/2021,Minnesota,
8/12/2021 13:22:59,Enigman,Lariat,Yes,Yes,Ecoboost,Cactus Grey,Moon Roof,June,10/4/2021,Texas,
8/12/2021 13:24:32,stupid,Lariat,Yes,Yes,Ecoboost,Velocity Blue,Moon Roof,August,10/11/2021,Utah,
8/12/2021 13:29:24,U/altomav_blue_1565,Lariat,Yes,Yes,Ecoboost,Alto Blue,"Moon Roof, Manual Rear Window",August,10/4/2021,California,
8/12/2021 13:30:20,Reptiliancow,Lariat,Yes,Yes,Ecoboost,Alto Blue,None,June,10/4/2021,Idaho,
8/12/2021 13:32:51,ChubbySUPERMAN ,XL,No,No,Hybrid,Velocity Blue,None,June,10/11/2021,Arizona,
8/12/2021 13:37:04,TDMississippi,Lariat,Yes,Yes,Ecoboost,Area 51,None,June,10/4/2021,Mississippi,
8/12/2021 13:38:52,Rndmwhitekid,XLT,Yes,Yes,Ecoboost,Hot Pepper Red,Manual Rear Window,July,10/4/2021,Pennsylvania,
8/12/2021 13:39:58,Don’t know ,XLT,No,Yes,Hybrid,Velocity Blue,None,July,10/11/2021,California,
8/12/2021 13:40:00,adamfogel,XL,No,Yes,Hybrid,Carbonized Grey,"Moon Roof, Manual Rear Window",June,10/4/2021,South Carolina,
8/12/2021 13:40:43,captmonkey,Lariat,Yes,Yes,Ecoboost,Alto Blue,None,June,10/4/2021,Tennessee,
8/12/2021 13:45:36,Unafraid-ad-954,XL,No,Yes,Hybrid,Velocity Blue,,June,10/4/2021,Kansas,
8/12/2021 13:48:41,Fivestringsofbliss,XL,No,No,Hybrid,Velocity Blue,None,June,10/4/2021,Indiana,
8/12/2021 13:49:15,Silver_wind34,XLT,Yes,No,Ecoboost,Velocity Blue,None,June,10/4/2021,Michigan,
8/12/2021 13:53:43,Gf23678,XLT,Yes,Yes,Ecoboost,Cactus Grey,Moon Roof,August,10/4/2021,Pennsylvania,
8/12/2021 13:56:12,N/A (Lurker),Lariat,No,No,Hybrid,Alto Blue,None,June,10/4/2021,North Carolina,
8/12/2021 13:59:05,NowhereMan,XL,No,Yes,Hybrid,Velocity Blue,None,July,10/4/2021,Texas,
8/12/2021 14:07:54,maverickboi7,Lariat,Yes,Yes,Ecoboost,Velocity Blue,Moon Roof,July,10/11/2021,Washington,
8/12/2021 14:08:51,Soon crickets,XL,No,Yes,Hybrid,Area 51,None,August,10/4/2021,Arkansas,
8/12/2021 14:09:14,Super-Bit1366,XL,No,Yes,Hybrid,Area 51,"Moon Roof, Manual Rear Window",June,10/4/2021,Florida,
8/12/2021 14:13:16,Thatusedtobeeasy,XL,No,No,Hybrid,Area 51,None,June,10/4/2021,New Jersey,
8/12/2021 14:13:46,Thatusedtobeeasy,XL,No,No,Ecoboost,Area 51,None,August,10/4/2021,New Jersey,
8/12/2021 14:22:59,SivinRS,Lariat,Yes,Yes,Ecoboost,Carbonized Grey,None,August,10/11/2021,Oklahoma,
8/12/2021 14:25:31,MacGyverDriver,XLT,Yes,No,Ecoboost,Carbonized Grey,None,June,10/4/2021,New York,
8/12/2021 14:25:36,Rolyatdel,Lariat,Yes,Yes,Ecoboost,Area 51,,June,10/4/2021,Tennessee,
8/12/2021 14:25:48,GT3Racer,XL,No,Yes,Hybrid,Carbonized Grey,None,June,10/4/2021,California,
8/12/2021 14:27:31,HopelessOpus,Lariat,Yes,Yes,Ecoboost,Area 51,Moon Roof,June,10/11/2021,Colorado,
8/12/2021 14:41:03,zeronullerror,XLT,No,No,Hybrid,Area 51,"Moon Roof, Manual Rear Window",June,10/4/2021,Texas,
8/12/2021 14:43:35,Powerful_ebb7415,Lariat,Yes,Yes,Ecoboost,Hot Pepper Red,Moon Roof,June,10/4/2021,Pennsylvania,
8/12/2021 14:44:29,Timinator01,XLT,Yes,Yes,Ecoboost,Velocity Blue,"Moon Roof, None",August,10/11/2021,New York,
8/12/2021 14:45:05,Ok_Pleb,XLT,Yes,No,Ecoboost,Cactus Grey,None,August,10/4/2021,Nevada,
8/12/2021 14:46:20,AbjectBoysenberry161,Lariat,Yes,Yes,Ecoboost,Cactus Grey,None,August,10/11/2021,Virginia,
8/12/2021 14:50:35,Tbone947,XLT,Yes,Yes,Ecoboost,Alto Blue,,June,10/11/2021,West Virginia,
8/12/2021 15:09:40,-Papito-,XL,No,No,Ecoboost,Velocity Blue,None,August,8/12/2021,Florida,
8/12/2021 15:13:51,-Papito-,XL,No,No,Ecoboost,Velocity Blue,None,August,10/4/2021,Florida,
8/12/2021 15:51:46,auxiium,XLT,Yes,Yes,Ecoboost,Carbonized Grey,None,July,10/4/2021,Pennsylvania,
8/12/2021 16:04:56,sanhozay,XLT,Yes,No,Ecoboost,Area 51,Manual Rear Window,July,10/4/2021,California,
8/12/2021 16:11:31,Andersgreycastle,XLT,No,Yes,Ecoboost,Velocity Blue,None,July,10/11/2021,Oklahoma,
8/12/2021 16:28:22,BeardedK,XLT,No,No,Hybrid,Area 51,Manual Rear Window,June,10/11/2021,Florida,
8/12/2021 16:38:38,Malacha1,XL,No,Yes,Ecoboost,Cactus Grey,None,July,10/4/2021,New Jersey,
8/12/2021 16:47:19,Dirt820,XLT,Yes,No,Ecoboost,Area 51,None,July,10/11/2021,Illinois,
8/12/2021 16:50:01,WICXer,XLT,No,Yes,Hybrid,Velocity Blue,None,July,10/11/2021,Wisconsin,
8/12/2021 16:55:40,sqwill,XLT,No,No,Ecoboost,Cactus Grey,Manual Rear Window,August,10/11/2021,Washington,
8/12/2021 17:34:42,disorted,XLT,No,Yes,Hybrid,Area 51,Manual Rear Window,July,10/11/2021,Florida,
8/12/2021 17:35:01,MyTwinDream,Lariat,Yes,Yes,Ecoboost,Alto Blue,None,July,10/11/2021,Texas,
8/12/2021 17:38:48,Parkview_Josh,XLT,Yes,No,Ecoboost,Velocity Blue,Moon Roof,June,10/4/2021,Minnesota,
8/12/2021 17:41:25,theWilling1,XL,No,No,Hybrid,Cactus Grey,None,June,,Ohio,
8/12/2021 17:42:46,michaelgg13,XLT,Yes,Yes,Ecoboost,Alto Blue,Moon Roof,August,10/4/2021,New York,
8/12/2021 18:23:48,WantSomeBetaBlockers,Lariat,Yes,Yes,Ecoboost,Velocity Blue,,June,10/11/2021,Michigan,
8/12/2021 18:42:36,Yeetographer,Lariat,Yes,Yes,Ecoboost,Cactus Grey,None,June,10/11/2021,Nevada,
8/12/2021 18:44:21,ottobaum,XLT,Yes,Yes,Ecoboost,Alto Blue,None,August,10/4/2021,Tennessee,
8/12/2021 19:06:53,Happy_Dude9332,XLT,Yes,No,Ecoboost,Carbonized Grey,"Moon Roof, Manual Rear Window",July,10/4/2021,Virginia,
8/12/2021 19:42:00,Bobtate,XL,No,No,Ecoboost,Velocity Blue,Moon Roof,July,10/11/2021,,
8/12/2021 19:51:26,Lord_Skyhorse,XLT,Yes,Yes,Ecoboost,Cactus Grey,None,,,Tennessee,
8/12/2021 20:02:15,Jittle7,XLT,Yes,No,Ecoboost,Oxford White,None,July,10/4/2021,Pennsylvania,
8/12/2021 20:24:37,docroland,XLT,No,No,Hybrid,Oxford White,Manual Rear Window,June,10/4/2021,California,
8/12/2021 20:29:26,PattyClark,Lariat,Yes,Yes,Ecoboost,Cyber Orange,,August,10/11/2021,Idaho,
8/12/2021 20:44:59,Moosebandit22,XLT,Yes,Yes,Ecoboost,Alto Blue,Manual Rear Window,July,9/20/2021,Florida,
8/12/2021 20:56:49,Agile-Painter ,XLT,No,Yes,Hybrid,Hot Pepper Red,None,August,10/11/2021,Texas,
8/12/2021 21:54:20,Bob,XLT,No,Yes,Hybrid,Alto Blue,None,June,10/4/2021,Pennsylvania,
8/12/2021 22:07:19,aberdeenmeadows,XLT,No,Yes,Ecoboost,Carbonized Grey,"Moon Roof, Tonneau Cover, Manual Rear Window",August,8/17/2021,Ohio,
8/12/2021 23:30:15,OTACORB,Lariat,Yes,Yes,Ecoboost,Cactus Grey,None,July,10/4/2021,Louisiana,
8/13/2021 1:24:22,Yadelfrost,XLT,No,No,Hybrid,Oxford White,None,June,7/29/2021,Kentucky,
8/13/2021 4:01:36,elsoloojo,XLT,Yes,Yes,Ecoboost,Area 51,"Moon Roof, Manual Rear Window",July,10/4/2021,Pennsylvania,
8/13/2021 7:42:47,Gerrymanger ,XLT,Yes,No,Ecoboost,Area 51,None,August,10/11/2021,Montana,
8/13/2021 8:23:59,JusgiveChees,XLT,Yes,Yes,Ecoboost,Area 51,Manual Rear Window,July,10/4/2021,Georgia,
8/13/2021 9:11:09,Slickwenwet ,XLT,Yes,Yes,Ecoboost,Carbonized Grey,None,July,9/20/2021,Kentucky,
8/13/2021 13:11:56,Ok_Tension2546,Lariat,No,Yes,Hybrid,Cactus Grey,None,July,9/20/2021,Georgia,
8/13/2021 13:27:15,tjpwns,XLT,No,Yes,Ecoboost,Cactus Grey,None,July,10/4/2021,Kansas,
8/13/2021 14:00:14,Trippingmoon,XL,No,No,Hybrid,Area 51,None,,10/4/2021,California,
8/13/2021 15:54:09,Lord_Skyhorse,XLT,Yes,Yes,Ecoboost,Cactus Grey,None,July,7/29/2021,Tennessee,
8/13/2021 19:49:53,vengo97,XLT,Yes,Yes,Ecoboost,Cactus Grey,Manual Rear Window,July,10/11/2021,Iowa,
8/13/2021 19:57:41,Ranmcc,XL,No,No,Hybrid,Iconic Silver,None,August,10/11/2021,Maryland,
8/14/2021 4:03:10,Bobjk,XLT,No,Yes,Ecoboost,Hot Pepper Red,None,July,10/4/2021,Kansas,
8/14/2021 4:05:40,Tomjk,XLT,No,Yes,Ecoboost,Shadow Black,None,July,10/4/2021,Kansas,
8/14/2021 11:42:59,Oreomuffin ,Lariat,Yes,Yes,Ecoboost,Area 51,Moon Roof,July,9/13/2021,Minnesota,
8/14/2021 17:08:02,Thecstep,XLT,No,No,Hybrid,Velocity Blue,None,June,10/4/2021,Texas,
8/15/2021 5:39:44,Raddit,XLT,No,Yes,Hybrid,Area 51,None,June,10/4/2021,Pennsylvania,
8/15/2021 9:00:59,theonetruetom,Lariat,Yes,Yes,Ecoboost,Velocity Blue,Tonneau Cover,June,9/13/2021,New Mexico,
8/15/2021 19:38:09,Spotdog14,XLT,Yes,Yes,Ecoboost,Cactus Grey,"Moon Roof, Manual Rear Window",August,10/11/2021,Michigan,
8/15/2021 23:00:11,Keep7sins ,XLT,No,No,Hybrid,Carbonized Grey,None,June,10/4/2021,Texas,
8/16/2021 14:46:24,titotheelephant,XLT,Yes,Yes,Ecoboost,Alto Blue,"Moon Roof, Manual Rear Window",July,10/4/2021,California,
8/17/2021 5:38:16,kallinkel,XL,No,No,Ecoboost,Velocity Blue,None,August,,Connecticut,Feb 15th 2022? I doubt that.
8/17/2021 7:53:41,L3fty_88,XLT,Yes,Yes,Ecoboost,Iconic Silver,None,June,10/4/2021,Missouri,
8/17/2021 13:03:21,aspectr,XLT,Yes,No,Ecoboost,Oxford White,"Moon Roof, Manual Rear Window",August,10/4/2021,Canada,
8/17/2021 18:06:32,KeithWGA,Lariat,Yes,Yes,Ecoboost,Shadow Black,None,August,9/20/2021,Georgia,
8/18/2021 3:46:04,Brandon_SLC_84116,Lariat,Yes,Yes,Ecoboost,Oxford White,Moon Roof,July,10/11/2021,Utah,
8/18/2021 10:44:45,Distinct_Platform,XLT,Yes,No,Ecoboost,Area 51,Moon Roof,June,9/13/2021,Utah,
8/23/2021 6:57:13,Area413,XL,No,No,Hybrid,Cactus Grey,None,July,,Connecticut,
8/30/2021 21:12:47,OspreyPrey,XLT,Yes,No,Ecoboost,Alto Blue,None,August,10/11/2021,California,
8/31/2021 9:01:01,daljo628,XLT,No,No,Hybrid,Cyber Orange,None,June,10/11/2021,Pennsylvania,
9/2/2021 7:53:57,slavitch,XLT,Yes,Yes,Ecoboost,Carbonized Grey,"Tonneau Cover, Manual Rear Window",June,10/4/2021,Canada,
9/2/2021 7:55:53,Nic,XLT,Yes,Yes,Hybrid,Area 51,"Moon Roof, Manual Rear Window",July,10/11/2021,Canada,
9/2/2021 8:02:42,jrage755,XLT,No,Yes,Ecoboost,Carbonized Grey,None,August,10/18/2021,Wisconsin,
9/2/2021 8:06:31,Reddingtonthe2nd,XLT,Yes,Yes,Ecoboost,Carbonized Grey,None,August,10/18/2021,Missouri,
9/2/2021 8:16:25,lilpuddint4ter,XLT,No,No,Ecoboost,Area 51,None,August,10/18/2021,Oklahoma,
9/2/2021 8:16:55,floyding,XL,No,No,Ecoboost,Carbonized Grey,None,June,10/18/2021,Maryland,
9/2/2021 8:17:25,noahlarch,XL,No,No,Ecoboost,Area 51,None,,10/18/2021,Ohio,Ordered today? I don't think so.
9/2/2021 8:24:27,KalLinkEl,XL,No,No,Ecoboost,Velocity Blue,None,August,10/18/2021,Connecticut,
9/2/2021 9:35:38,/u/SigonLegacy,XLT,No,Yes,Ecoboost,Oxford White,None,June,10/18/2022,Texas,
9/2/2021 9:50:58,broncosnboobies,XLT,No,No,Ecoboost,Area 51,Manual Rear Window,August,10/18/2021,Pennsylvania,
9/2/2021 10:09:55,aap8787,XLT,Yes,No,Ecoboost,Area 51,Moon Roof,August,10/18/2021,Washington,
9/2/2021 10:11:42,cheeseman311,XLT,Yes,No,Ecoboost,Area 51,Manual Rear Window,August,10/18/2021,New Mexico,
9/2/2021 11:47:09,Moistpokeballs ,XLT,No,No,Ecoboost,Area 51,None,August,9/2/2021,Washington,
9/2/2021 12:42:59,WisePineTree,XLT,No,No,Hybrid,Cactus Grey,None,June,10/4/2021,Kansas,
9/2/2021 14:33:22,SWWCarpenterGuy,XLT,No,Yes,Hybrid,Carbonized Grey,None,June,8/5/2021,Louisiana,
9/2/2021 15:41:12,SlingerRing,XLT,Yes,No,Ecoboost,Alto Blue,"Moon Roof, Manual Rear Window",August,10/18/2021,Texas,
9/2/2021 16:21:08,Nope-right-out,XL,No,Yes,Ecoboost,Area 51,,July,10/18/2021,Massachusetts,
9/2/2021 16:46:56,neighborofbrak,XLT,Yes,Yes,Ecoboost,Alto Blue,None,June,10/18/2021,Texas,
9/3/2021 12:12:25,MikeG,XLT,Yes,No,Ecoboost,Carbonized Grey,"Moon Roof, Tonneau Cover, Manual Rear Window",July,10/18/2021,South Carolina,
9/4/2021 8:28:27,Inspector,XL,No,Yes,Ecoboost,Area 51,None,June,10/18/2021,Maryland,
9/4/2021 21:42:46,Kyle,XL,No,No,Hybrid,Carbonized Grey,None,June,10/11/2021,Minnesota,
9/5/2021 20:23:50,JonesVMI,XLT,Yes,Yes,Ecoboost,Alto Blue,"Manual Rear Window, Non-Lux Spray-in Bed",August,9/20/2021,Pennsylvania,
9/7/2021 8:58:31,Hellafly15,XLT,No,Yes,Hybrid,Cactus Grey,"Moon Roof, Manual Rear Window",September,1/1/1800,California,
9/8/2021 13:31:48,Noah,XL,No,Yes,Ecoboost,Shadow Black,Tonneau Cover,July,9/27/2021,Wisconsin,
9/9/2021 9:40:21,Insufficientad9962,XL,No,Yes,Ecoboost,Shadow Black,"Moon Roof, Manual Rear Window",September,10/25/2021,Pennsylvania,
9/9/2021 11:10:41,steepclimb,XLT,Yes,No,Ecoboost,Cactus Grey,None,September,10/25/2021,Washington,
9/9/2021 12:26:09,Lt_Gecko,XLT,No,No,Ecoboost,Cactus Grey,Non-Lux Spray-in Bed,July,10/25/2021,Texas,
9/9/2021 15:20:14,01dohc,XLT,Yes,No,Ecoboost,Cactus Grey,Manual Rear Window,August,10/25/2021,Michigan,
9/9/2021 15:22:24,thatbemyname,XLT,No,No,Hybrid,Cactus Grey,None,June,9/27/2021,North Carolina,
9/10/2021 11:51:53,SSCharley,XL,No,Yes,Ecoboost,Oxford White,Non-Lux Spray-in Bed,August,10/25/2021,California,
9/10/2021 13:49:23,jauris,XLT,No,Yes,Hybrid,Cactus Grey,None,June,10/4/2021,Texas,
9/10/2021 16:27:34,king_of_my_village,XLT,Yes,Yes,Ecoboost,Alto Blue,None,July,9/20/2021,Oklahoma,
9/12/2021 18:38:16,Darth Yidaki,XLT,Yes,Yes,Ecoboost,Velocity Blue,"Moon Roof, Manual Rear Window",July,10/25/2021,Missouri,
9/12/2021 19:31:46,Darth Yidaki,XLT,Yes,Yes,Ecoboost,Velocity Blue,"Moon Roof, Manual Rear Window",July,10/25/2021,Missouri,
9/14/2021 20:32:00,Sixwaypwrmudflap,XL,No,No,Ecoboost,Area 51,,June,10/11/2021,Indiana,
9/16/2021 9:00:34,T528491,XLT,No,Yes,Ecoboost,Alto Blue,"Moon Roof, Manual Rear Window",July,11/1/2021,Pennsylvania,
9/16/2021 9:02:37,MNTimberjack,Lariat,Yes,Yes,Ecoboost,Velocity Blue,,September,11/8/2021,Oregon,
9/16/2021 9:04:18,wamooreiv,XL,No,Yes,Ecoboost,Area 51,Non-Lux Spray-in Bed,September,11/8/2021,Vermont,
9/16/2021 9:07:30,Desert_rattler,XLT,Yes,No,Ecoboost,Cactus Grey,Manual Rear Window,July,11/1/2021,Montana,
9/16/2021 9:07:50,Wolfstansson11,Lariat,No,Yes,Hybrid,Cactus Grey,,June,11/1/2021,Connecticut,
9/16/2021 9:08:08,Strict-Concentrate-9,XLT,Yes,Yes,Ecoboost,Velocity Blue,Manual Rear Window,August,11/8/2021,North Carolina,
9/16/2021 9:08:38,pissedoffsquid,XLT,No,No,Hybrid,Area 51,None,July,11/1/2021,North Carolina,
9/16/2021 9:09:55,jackdawxswift,XL,No,Yes,Hybrid,Shadow Black,None,July,11/8/2021,California,
9/16/2021 9:12:03,Dapipminmonkey,Lariat,Yes,Yes,Ecoboost,Velocity Blue,Manual Rear Window,July,11/8/2021,Michigan,
9/16/2021 9:12:04,SomethingWithLegs,XL,No,Yes,Hybrid,Velocity Blue,"Moon Roof, Manual Rear Window",June,9/16/2021,Arizona,
9/16/2021 9:13:12,turtlefeen,Lariat,Yes,Yes,Hybrid,Cactus Grey,None,July,11/8/2021,New Jersey,
9/16/2021 9:14:12,mapp1122,XL,No,Yes,Ecoboost,Cactus Grey,"Moon Roof, Manual Rear Window",August,11/8/2021,Massachusetts,
9/16/2021 9:15:35,mgreen_14,Lariat,Yes,Yes,Ecoboost,Alto Blue,Moon Roof,September,11/1/2021,Ohio,
9/16/2021 9:16:19,Dreadedsilence,XLT,No,Yes,Ecoboost,Velocity Blue,Non-Lux Spray-in Bed,July,11/1/2021,California,
9/16/2021 9:17:48,Travellingrunner,XLT,Yes,No,Ecoboost,Area 51,None,June,9/16/2021,Michigan,
9/16/2021 9:19:51,norm0,XLT,No,No,Hybrid,Iconic Silver,None,August,11/1/2021,Minnesota,
9/16/2021 9:21:40,ragingorange,XLT,No,Yes,Hybrid,Area 51,None,August,11/8/2021,Texas,
9/16/2021 9:24:49,Strobe89,Lariat,Yes,Yes,Ecoboost,Alto Blue,Moon Roof,August,11/1/2021,Ohio,
9/16/2021 9:25:07,baconandicecream,XLT,Yes,No,Ecoboost,Carbonized Grey,None,July,11/1/2021,Montana,
9/16/2021 9:43:30,norwoodsteeipaul,XLT,No,Yes,Ecoboost,Alto Blue,None,June,11/8/2021,Tennessee,
9/16/2021 9:45:29,Black110,XLT,No,No,Ecoboost,Velocity Blue,None,September,11/1/2021,Pennsylvania,
9/16/2021 9:45:32,Hwiskers,XLT,No,Yes,Ecoboost,Velocity Blue,None,July,10/25/2021,Indiana,
9/16/2021 9:46:04,Leopep ,XLT,No,Yes,Hybrid,Area 51,None,July,11/8/2021,Michigan,
9/16/2021 9:48:20,nickmauch,XLT,No,No,Ecoboost,Carbonized Grey,Non-Lux Spray-in Bed,July,11/1/2021,California,
9/16/2021 9:51:36,gioooo23,XL,No,No,Ecoboost,Velocity Blue,None,September,11/8/2021,New Jersey,
9/16/2021 9:57:42,Easternfunk,Lariat,Yes,Yes,Ecoboost,Alto Blue,None,July,11/8/2021,Pennsylvania,
9/16/2021 10:00:30,Jacobb1980,XLT,No,No,Hybrid,Shadow Black,Moon Roof,September,11/8/2021,California,
9/16/2021 10:01:22,propp2531,XLT,No,Yes,Ecoboost,Carbonized Grey,"Moon Roof, Manual Rear Window",August,10/25/2021,Pennsylvania,
9/16/2021 10:02:43,stifflerpdx,XLT,Yes,Yes,Ecoboost,Area 51,None,September,11/1/2021,Oregon,
9/16/2021 10:04:49,Jacobb1980,XLT,No,No,Hybrid,Shadow Black,Moon Roof,July,11/8/2021,California,
9/16/2021 10:23:01,Khaleesiofcats1894,Lariat,Yes,Yes,Hybrid,Area 51,Moon Roof,August,11/8/2021,New Jersey,
9/16/2021 10:25:48,Shoe,Lariat,No,Yes,Ecoboost,Carbonized Grey,"Moon Roof, Non-Lux Spray-in Bed",July,11/1/2020,North Carolina,
9/16/2021 10:51:49,Smurf2die4,XLT,Yes,Yes,Ecoboost,Shadow Black,None,August,11/8/2021,Utah,
9/16/2021 10:52:48,FAN2PLAYER,XLT,No,No,Hybrid,Area 51,None,September,11/1/2021,Pennsylvania,
9/16/2021 10:52:52,readymaderiot,Lariat,Yes,Yes,Ecoboost,Area 51,None,September,11/8/2021,Oregon,
9/16/2021 10:58:57,Scallywag38 ,XLT,No,No,Ecoboost,Cactus Grey,None,July,11/1/2021,New York,
9/16/2021 11:02:55,xPhasiah,XLT,No,No,Hybrid,Alto Blue,None,June,9/1/2021,Arizona,
9/16/2021 11:09:13,The_yackster,Lariat,No,Yes,Hybrid,Shadow Black,None,August,11/1/2021,Florida,
9/16/2021 11:19:07,Serious-Detective849,XL,No,Yes,Hybrid,Iconic Silver,Moon Roof,July,11/1/2021,California,
9/16/2021 11:23:36,t-willy27,XLT,No,No,Ecoboost,Cactus Grey,None,August,10/25/2021,Utah,
9/16/2021 11:37:33,Ryaninthesky,XLT,No,No,Hybrid,Velocity Blue,None,July,11/1/2021,Texas,
9/16/2021 11:41:03,1check1mate7,XLT,No,Yes,Hybrid,Area 51,None,September,11/1/2021,Minnesota,
9/16/2021 11:46:20,hungryhippo13,Lariat,Yes,Yes,Ecoboost,Alto Blue,,August,11/8/2021,Oregon,
9/16/2021 11:48:39,Inspectorchenwei,XL,No,Yes,Hybrid,Cactus Grey,None,June,11/8/2021,Washington,
9/16/2021 12:08:30,Crafty_Raspberry,Lariat,Yes,Yes,Ecoboost,Cactus Grey,None,August,11/8/2021,Hawaii,
9/16/2021 12:14:36,U/Kaymbee03,XLT,Yes,No,Ecoboost,Hot Pepper Red,None,August,11/8/2021,Indiana,
9/16/2021 12:27:38,aprils-fool,XLT,No,No,Ecoboost,Area 51,,July,11/1/2021,Florida,
9/16/2021 12:41:53,Bobtomlinson,XLT,No,No,Hybrid,Area 51,Manual Rear Window,July,11/8/2021,Massachusetts,
9/16/2021 12:44:24,pollamat,Lariat,No,Yes,Hybrid,Carbonized Grey,"Tonneau Cover, Non-Lux Spray-in Bed",July,11/8/2021,Hawaii,
9/16/2021 12:46:24,SloppyJo907,XLT,No,Yes,Ecoboost,Cactus Grey,"Moon Roof, Manual Rear Window",July,10/25/2021,Alaska,
9/16/2021 13:30:08,MichaelScottRM-DM,XL,No,Yes,Hybrid,Velocity Blue,None,July,11/8/2021,North Carolina,
9/16/2021 13:57:27,jew_boi,XLT,No,No,Ecoboost,Cactus Grey,Manual Rear Window,August,10/25/2021,Pennsylvania,
9/16/2021 14:21:03,8Bit_Walrus,Lariat,Yes,Yes,Ecoboost,Alto Blue,None,September,11/8/2021,California,
9/16/2021 14:23:39,Nottooshabby47,XL,No,No,Ecoboost,Carbonized Grey,None,July,11/8/2021,Alabama,
9/16/2021 14:26:37,Geobutter821,XLT,No,Yes,Hybrid,Cactus Grey,None,August,11/1/2021,California,
9/16/2021 15:23:53,HeavensCriedBlood,XLT,No,No,Ecoboost,Area 51,None,August,10/25/2021,Pennsylvania,
9/16/2021 16:14:23,Iamdeastro,XLT,No,No,Hybrid,Cactus Grey,Moon Roof,September,11/1/2021,North Carolina,
9/16/2021 16:16:36,howdoilinux,XLT,Yes,Yes,Hybrid,Area 51,None,June,9/13/2021,Texas,
9/16/2021 17:15:56,astrols,XL,No,Yes,Hybrid,Velocity Blue,None,August,11/9/2021,Canada,
9/16/2021 19:23:29,Longjumping_Use_9717,XLT,No,Yes,Ecoboost,Area 51,Manual Rear Window,July,11/1/2021,South Carolina,
9/16/2021 20:16:46,iwantedtocommentreal,XL,No,No,Ecoboost,Area 51,None,July,10/25/2021,Maryland,
9/16/2021 20:25:01,Raraparooza,XLT,No,No,Ecoboost,Area 51,None,August,10/25/2021,Arkansas,
9/16/2021 20:35:38,Jackco1,XLT,No,Yes,Ecoboost,Cactus Grey,Moon Roof,July,10/25/2022,Kansas,
9/16/2021 21:01:07,fancy flan,XLT,No,Yes,Ecoboost,Shadow Black,None,July,11/8/2021,Kansas,
9/16/2021 21:31:09,pkmnmaster151,XLT,No,Yes,Ecoboost,Area 51,Manual Rear Window,August,10/25/2021,Colorado,
9/16/2021 22:14:06,Fowheelah,XLT,No,No,Ecoboost,Area 51,Non-Lux Spray-in Bed,June,10/25/2021,Utah,
9/16/2021 23:25:52,mayabanga,XLT,Yes,Yes,Ecoboost,Cactus Grey,Manual Rear Window,July,9/16/2021,Texas,
9/17/2021 0:05:39,WAherron,Lariat,Yes,Yes,Ecoboost,Cyber Orange,Moon Roof,June,11/8/2021,Washington,
9/17/2021 3:45:37,mcarneybsa,XLT,No,No,Ecoboost,Area 51,,June,11/8/2021,New Mexico,
9/17/2021 5:32:54,DirtyD1985,Lariat,Yes,Yes,Ecoboost,Alto Blue,Moon Roof,June,11/1/2021,Michigan,
9/17/2021 10:37:55,ADULTLEARNER123ABC,XLT,Yes,Yes,Ecoboost,Cactus Grey,"Moon Roof, Manual Rear Window",June,9/13/2021,California,
9/17/2021 11:04:09,YaBoixLaCroix,XLT,Yes,No,Ecoboost,Area 51,"Moon Roof, Manual Rear Window",August,11/1/2021,Colorado,
9/17/2021 11:50:14,TallVeteranStud35,XL,No,No,Hybrid,Cactus Grey,None,July,11/8/2021,Texas,
9/17/2021 15:28:52,ToddsTruckLife,XLT,Yes,Yes,Ecoboost,Velocity Blue,None,August,11/1/2021,Florida,
9/17/2021 20:08:44,Corruptedfile,XLT,No,Yes,Ecoboost,Hot Pepper Red,"Moon Roof, Manual Rear Window",June,11/1/2021,Texas,
9/17/2021 21:24:42,jscott33198,XLT,No,Yes,Hybrid,Area 51,None,July,11/1/2021,Iowa,
9/30/2021 19:38:04,str3ga,XLT,No,Yes,Hybrid,Cactus Grey,Manual Rear Window,August,11/8/2021,Virginia,
10/1/2021 6:47:14,Star_trek_lover,XLT,No,No,Ecoboost,Velocity Blue,Non-Lux Spray-in Bed,June,11/15/2021,Florida,
10/1/2021 18:56:31,PcJaegr,XLT,No,Yes,Hybrid,Hot Pepper Red,None,September,11/29/2021,Texas,
10/7/2021 8:35:41,Richindustries_118,Lariat,Yes,Yes,Ecoboost,Area 51,None,August,11/15/2021,Florida,
10/7/2021 9:00:52,norwoodsteelpaul,XLT,Yes,Yes,Ecoboost,Carbonized Grey,None,June,9/6/2021,Tennessee,
10/7/2021 9:15:07,Link-1987,Lariat,No,No,Ecoboost,Carbonized Grey,"Tonneau Cover, Non-Lux Spray-in Bed",July,11/22/2021,Rhode Island,
10/7/2021 10:22:59,xXDouchPenguinXx,XLT,No,No,Hybrid,Velocity Blue,None,September,11/22/2021,North Carolina,
10/7/2021 10:33:38,Ladida1787,Lariat,Yes,Yes,Ecoboost,Alto Blue,Moon Roof,August,11/1/2021,Illinois,
10/7/2021 10:48:40,Practical-Arachnid69,XLT,No,Yes,Hybrid,Area 51,None,August,11/22/2021,Washington,
10/7/2021 11:21:42,Nottooshabby47,XL,No,No,Ecoboost,Carbonized Grey,None,July,11/1/2021,Alabama,
10/7/2021 12:02:28,Cannoneer85,XLT,Yes,Yes,Ecoboost,Area 51,None,September,11/22/2021,Kentucky,
10/7/2021 13:40:12,thrill_murray,Lariat,Yes,Yes,Hybrid,Carbonized Grey,None,August,11/22/2021,California,
10/7/2021 16:34:57,amvic,XL,No,Yes,Hybrid,Cactus Grey,Manual Rear Window,August,11/15/2021,Michigan,
10/7/2021 19:50:23,Garr3ttwashere,Lariat,Yes,Yes,Ecoboost,Alto Blue,,September,11/22/2021,North Carolina,
10/7/2021 19:52:48,NotSharing112121,XL,No,Yes,Hybrid,Velocity Blue,Manual Rear Window,July,11/29/2021,California,
10/14/2021 12:33:56,Chef_reasonable,Lariat,Yes,Yes,Ecoboost,Iconic Silver,None,July,11/29/2021,California,
10/14/2021 12:36:43,Bigpurpose,XLT,Yes,Yes,Hybrid,Area 51,"Moon Roof, Manual Rear Window",June,12/6/2021,California,
10/14/2021 12:40:21,WannysDad,XLT,Yes,No,Ecoboost,Area 51,Tonneau Cover,July,12/6/2021,Michigan,
10/14/2021 12:48:37,bluetoast2,Lariat,Yes,Yes,Hybrid,Area 51,Tonneau Cover,June,12/13/2021,Texas,
10/14/2021 12:49:49,AtreveteTeTe,Lariat,Yes,Yes,Hybrid,Hot Pepper Red,None,June,11/29/2021,Florida,
10/14/2021 12:57:47,simplejayd,Lariat,Yes,Yes,Hybrid,Cactus Grey,,June,11/29/2021,California,
10/14/2021 13:06:20,Hoboolympics ,XLT,Yes,Yes,Ecoboost,Shadow Black,Manual Rear Window,August,12/6/2021,Texas,
10/14/2021 13:08:37,Nessiealex,Lariat,Yes,Yes,Hybrid,Area 51,Moon Roof,June,12/6/2021,Texas,
10/14/2021 13:17:33,Rogueturnip8510,Lariat,Yes,Yes,Hybrid,Hot Pepper Red,Moon Roof,June,11/29/2021,Maryland,
10/14/2021 13:24:06,u/Plenty_Associate6712,Lariat,Yes,Yes,Hybrid,Alto Blue,Moon Roof,June,11/29/2021,Iowa,
10/14/2021 13:24:11,Ardjr20,XLT,Yes,No,Ecoboost,Cyber Orange,Manual Rear Window,September,12/6/2021,Pennsylvania,
10/14/2021 13:25:16,Repelicanparty,XLT,No,No,Ecoboost,Hot Pepper Red,Non-Lux Spray-in Bed,August,12/6/2021,Arizona,
10/14/2021 13:27:25,OptimalMycologist449,XL,No,Yes,Hybrid,Area 51,None,June,10/4/2021,Michigan,
10/14/2021 13:47:02,Shantyirish13,XLT,No,No,Ecoboost,Area 51,Non-Lux Spray-in Bed,July,12/6/2021,Connecticut,
10/14/2021 13:53:59,Runnerman943,Lariat,Yes,Yes,Ecoboost,Cactus Grey,None,July,12/9/2021,Pennsylvania,
10/14/2021 14:20:19,Dutch_52,Lariat,No,No,Hybrid,Cactus Grey,None,July,11/29/2021,Texas,
10/14/2021 14:30:19,notorious_lamb,XLT,No,Yes,Ecoboost,Area 51,"Moon Roof, Non-Lux Spray-in Bed",July,12/6/2021,California,
10/14/2021 15:28:21,Robots_FTW1,XLT,Yes,No,Hybrid,Velocity Blue,None,June,12/6/2021,Nebraska,
10/14/2021 15:33:04,d_p0p,Lariat,Yes,Yes,Hybrid,Cactus Grey,Moon Roof,June,11/29/2021,South Carolina,
10/14/2021 16:25:13,Ballswewt05,XLT,Yes,Yes,Ecoboost,Hot Pepper Red,Moon Roof,July,12/6/2022,Minnesota,
10/14/2021 17:05:50,Spotdog14,XLT,Yes,Yes,Ecoboost,Cactus Grey,"Moon Roof, Manual Rear Window",August,10/11/2021,Michigan,
10/14/2021 18:56:17,BarracudaBrilliant21,Lariat,Yes,Yes,Ecoboost,Cactus Grey,Moon Roof,June,12/6/2021,Colorado,
10/14/2021 22:44:37,J1ggles,XLT,Yes,Yes,Ecoboost,Velocity Blue,"Moon Roof, Manual Rear Window",July,12/6/2021,Kansas,
10/15/2021 0:02:29,RetardedBallsack,Lariat,Yes,Yes,Hybrid,Velocity Blue,None,June,12/6/2021,Massachusetts,
10/15/2021 5:50:37,Unable_Hornet_79,XLT,No,Yes,Ecoboost,Oxford White,Non-Lux Spray-in Bed,June,10/25/2021,Texas,
10/15/2021 6:10:33,Dad Zarg,Lariat,Yes,Yes,Ecoboost,Alto Blue,None,July,9/18/2021,New York,
10/15/2021 8:41:23,monster-hesh,XL,No,Yes,Hybrid,Cactus Grey,None,July,9/21/2021,,
10/15/2021 9:05:12,Fujicomo,XL,No,No,Hybrid,Cactus Grey,None,June,9/27/2021,Virginia,
10/15/2021 12:32:53,clickstops,XLT,No,Yes,Hybrid,Area 51,Manual Rear Window,July,12/8/2021,New Jersey,
10/15/2021 13:42:32,TestDrivenTV,XL,No,No,Hybrid,Area 51,None,June,12/6/2021,Arizona,
10/15/2021 18:05:46,sage101,Lariat,Yes,Yes,Hybrid,Velocity Blue,"Moon Roof, Tonneau Cover, Manual Rear Window",June,11/29/2021,California,
10/17/2021 21:37:58,Kratch123 ,XLT,No,No,Hybrid,Cactus Grey,None,June,9/27/2021,Kentucky,
10/18/2021 10:33:41,SimulatedJohn,XLT,No,Yes,Hybrid,Carbonized Grey,Manual Rear Window,June,10/11/2021,Indiana,
10/18/2021 17:37:56,Can’t remember ,XLT,No,No,Ecoboost,Area 51,Manual Rear Window,August,12/6/2021,Canada,
10/21/2021 8:40:28,Blake_Sheltie,Lariat,Yes,Yes,Ecoboost,Area 51,"Moon Roof, Tonneau Cover",June,11/29/2021,Utah,
10/21/2021 10:19:27,WhiskeyFoxtrot18 ,XLT,Yes,No,Hybrid,Area 51,"Moon Roof, Tonneau Cover",June,12/13/2021,Texas,
10/21/2021 10:34:05,BlueFiSTr,XLT,Yes,No,Ecoboost,Velocity Blue,None,August,12/13/2021,California,
10/21/2021 10:50:46,casanewt,XLT,Yes,Yes,Hybrid,Area 51,,July,12/13/2021,Ohio,
10/21/2021 11:51:21,PrimaOfficional,Lariat,Yes,Yes,Hybrid,Alto Blue,"Moon Roof, Tonneau Cover",July,12/13/2021,Texas,
10/21/2021 11:53:13,Wavelar,XLT,Yes,Yes,Hybrid,Alto Blue,None,July,10/21/2021,Maryland,
10/21/2021 12:35:20,russross,XLT,No,Yes,Hybrid,Area 51,None,June,12/13/2021,Utah,
10/21/2021 12:56:22,Jaredbt,Lariat,Yes,Yes,Hybrid,Carbonized Grey,"Moon Roof, Tonneau Cover",June,12/13/2021,Georgia,
10/22/2021 14:40:36,Appleseeds42,Lariat,Yes,Yes,Hybrid,Area 51,None,July,12/13/2021,Florida,
10/24/2021 15:46:11,evanmas ,XL,No,No,Ecoboost,Oxford White,None,August,10/4/2021,Ohio,
10/29/2021 7:25:11,midnightcaw,Lariat,Yes,Yes,Hybrid,Hot Pepper Red,None,June,12/20/2021,Texas,
10/29/2021 9:47:00,BigDamn_Heroes,Lariat,Yes,Yes,Hybrid,Hot Pepper Red,Moon Roof,June,12/20/2021,Wyoming,
10/29/2021 20:22:05,Rubbajones,Lariat,Yes,Yes,Hybrid,Cactus Grey,Moon Roof,June,12/20/2021,Texas,
10/31/2021 9:11:54,exploresouthcarolina,Lariat,Yes,Yes,Hybrid,Carbonized Grey,"Moon Roof, Tonneau Cover",June,12/20/2021,South Carolina,
11/18/2021 7:37:25,No,XLT,No,No,Ecoboost,Area 51,None,August,10/14/2021,Virginia,
11/18/2021 8:21:57,AntPman,XLT,No,Yes,Hybrid,Velocity Blue,None,September,11/8/2021,Texas,
11/18/2021 12:55:15,trustysnake,XLT,Yes,Yes,Hybrid,Cyber Orange,Manual Rear Window,July,1/10/2022,Georgia,
11/18/2021 13:00:48,Milk-Man75,XLT,Yes,Yes,Ecoboost,Iconic Silver,,June,1/10/2022,Kentucky,
11/18/2021 13:10:52,Dabusking,Lariat,Yes,Yes,Hybrid,Cyber Orange,"Moon Roof, Tonneau Cover",June,12/13/2021,New Hampshire,
11/18/2021 13:13:25,Spudbar,Lariat,Yes,Yes,Hybrid,RAPIDLY DELAYED RED,Tonneau Cover,June,1/10/2022,Ohio,
11/18/2021 13:43:41,skamunism,XLT,Yes,Yes,Hybrid,Hot Pepper Red,Moon Roof,July,1/10/2021,Oregon,
11/18/2021 14:13:44,Tadpole1312,XLT,Yes,Yes,Hybrid,Alto Blue,"Moon Roof, Tonneau Cover, Manual Rear Window",July,1/10/2022,Pennsylvania,
11/19/2021 15:44:27,robcas65,Lariat,Yes,Yes,Hybrid,Cactus Grey,Moon Roof,June,12/20/2021,California,
12/2/2021 11:00:31,MisterBilly,Lariat,Yes,Yes,Hybrid,Cactus Grey,None,6/21/2021,1/31/2022,Pennsylvania,
12/2/2021 11:14:39,Snowdrift742,XLT,Yes,No,Ecoboost,Area 51,"Moon Roof, Tonneau Cover",7/16/2021,1/24/2022,Illinois,
12/2/2021 11:19:25,redtailin,XLT,Yes,Yes,Hybrid,Alto Blue,None,8/2/2021,1/31/2022,New Hampshire,
12/2/2021 11:45:35,revofevT,Lariat,Yes,Yes,Hybrid,Hot Pepper Red,Moon Roof,7/8/2021,1/31/2022,North Carolina,
12/2/2021 12:33:29,sroctavio,XL,No,Yes,Hybrid,Oxford White,Manual Rear Window,7/27/2021,1/31/2022,Pennsylvania,
12/4/2021 10:39:54,Beeej517,Lariat,Yes,Yes,Hybrid,Carbonized Grey,None,7/24/2021,1/24/2022,Pennsylvania,
12/9/2021 9:09:23,spyker1324,Lariat,Yes,Yes,Ecoboost,Velocity Blue,None,10/19/2021,2/7/2022,Ohio,
12/9/2021 10:31:46,Birdbox21,Lariat,Yes,Yes,Hybrid,Velocity Blue,None,7/9/2021,12/9/2021,California,
12/9/2021 10:40:38,criminosis,Lariat,Yes,Yes,Hybrid,RAPIDLY DELAYED RED,"Moon Roof, Tonneau Cover",6/14/2021,1/31/2022,Missouri,
12/9/2021 13:31:52,None,Lariat,Yes,Yes,Hybrid,Area 51,None,6/30/2021,2/7/2021,Maryland,
12/10/2021 13:07:09,teamtoaster2014,Lariat,Yes,Yes,Hybrid,Alto Blue,Moon Roof,7/7/2021,2/7/2022,Florida,
12/12/2021 8:49:03,u something,Lariat,Yes,Yes,Ecoboost,Area 51,"Moon Roof, Tonneau Cover, Non-Lux Spray-in Bed",7/29/2021,1/10/2022,Michigan,
12/12/2021 16:59:19,Andrewkim075,XLT,No,No,Hybrid,Carbonized Grey,Tonneau Cover,10/22/2021,2/15/2022,California,
12/16/2021 11:25:06,dadtv1234,XLT,Yes,No,Hybrid,Area 51,None,7/28/2021,2/21/2022,Florida,
12/16/2021 14:12:56,bruub,Lariat,Yes,Yes,Hybrid,Carbonized Grey,"Moon Roof, Tonneau Cover",7/12/2021,2/12/2022,Missouri,
12/16/2021 15:25:41,beachy31,XLT,No,Yes,Hybrid,Cactus Grey,"Moon Roof, Manual Rear Window, Non-Lux Spray-in Bed",6/25/2021,12/20/2021,California,
12/16/2021 18:50:14,Ncarolinarunner,Lariat,Yes,Yes,Hybrid,Alto Blue,,7/23/2021,2/21/2022,Texas,
12/17/2021 13:37:34,Mela2002,Lariat,Yes,Yes,Hybrid,Area 51,None,7/23/2021,2/21/0022,Florida,
12/28/2021 20:34:20,RogueTurnip9510,Lariat,Yes,Yes,Hybrid,Hot Pepper Red,Moon Roof,6/21/2021,12/20/2021,Maryland,
1/11/2022 14:25:32,DontYouLieToMe,XLT,Yes,Yes,Hybrid,Cactus Grey,"Moon Roof, Manual Rear Window",7/18/2021,2/18/2022,Illinois,
1/13/2022 14:34:36,might,Lariat,Yes,Yes,Hybrid,Cactus Grey,Moon Roof,8/16/2021,2/28/2022,Alabama,
1/13/2022 18:30:17,teeroy766,Lariat,Yes,Yes,Hybrid,Velocity Blue,None,1/13/2022,2/28/2022,Mississippi,
1/17/2022 9:50:16,ryman222,Lariat,Yes,Yes,Ecoboost,Carbonized Grey,None,6/14/2021,2/28/2022,Wisconsin,
1/20/2022 11:00:08,FlimsyAdvice69,XLT,Yes,Yes,Ecoboost,Cactus Grey,None,1/10/2022,3/7/2022,Colorado,
1/21/2022 19:02:57,Naimlessone,XLT,No,No,Ecoboost,Cactus Grey,None,12/31/2021,3/7/2022,New York,
1/22/2022 4:58:16,thehobo321,Lariat,Yes,Yes,Hybrid,Area 51,None,8/17/2021,3/7/2022,Massachusetts,
1/26/2022 8:20:50,Dingalingdong,XL,No,No,Ecoboost,Cactus Grey,None,12/1/0021,1/31/2022,New Hampshire,
1/26/2022 11:39:14,GhostRoamer,XLT,No,No,Ecoboost,Cactus Grey,None,10/20/2021,3/28/2022,Missouri,
2/4/2022 12:01:08,Torab51,XLT,Yes,Yes,Ecoboost,Velocity Blue,Manual Rear Window,11/9/2021,1/31/2022,Florida,
2/10/2022 7:03:00,RitzyOmega,XLT,Yes,No,Hybrid,Shadow Black,None,6/25/2021,1/24/2022,Georgia,
2/10/2022 10:22:37,blue_agate,XLT,No,No,Hybrid,Velocity Blue,"Manual Rear Window, Non-Lux Spray-in Bed",6/17/2021,4/11/2022,Pennsylvania,
2/17/2022 13:38:46,billywcollins,XL,No,No,Hybrid,Area 51,Non-Lux Spray-in Bed,8/25/2021,4/18/2022,Illinois,
2/23/2022 14:54:23,casanewt,XLT,Yes,Yes,Hybrid,Area 51,None,7/16/2021,1/3/2022,Ohio,
3/4/2022 4:55:33,LawnmowerCat,XLT,Yes,Yes,Hybrid,Cactus Grey,None,9/2/2021,4/11/2022,Ohio,
3/4/2022 8:40:48,covenant311,Lariat,Yes,Yes,Ecoboost,RAPIDLY DELAYED RED,"Moon Roof, Tonneau Cover",10/6/2021,4/25/2022,Wisconsin,
3/6/2022 6:33:39,CABLECLOWN77,Lariat,Yes,Yes,Ecoboost,Alto Blue,None,10/11/2021,4/25/2022,Missouri,
3/23/2022 18:24:42,natums,XL,No,Yes,Hybrid,Area 51,"Moon Roof, Manual Rear Window, Non-Lux Spray-in Bed",7/22/2021,3/14/2022,California,
3/28/2022 8:18:22,Erdrick,Lariat,Yes,Yes,Hybrid,Velocity Blue,None,7/14/2021,5/9/2022,Virginia,
4/18/2022 7:53:48,Brelovescoffee,Lariat,Yes,Yes,Hybrid,Cactus Grey,"Moon Roof, Tonneau Cover",9/17/2021,5/30/2022,Pennsylvania,
4/22/2022 11:21:21,holamiis,XLT,No,No,Hybrid,Hot Pepper Red,None,4/22/2022,6/6/2022,Pennsylvania,
5/26/2022 15:00:28,CorbiiHD,XLT,No,No,Ecoboost,Cactus Grey,None,11/29/2021,7/6/2022,Indiana,
6/14/2022 13:28:19,dsolender,XL,No,No,Hybrid,Area 51,None,10/15/2021,7/25/2022,Massachusetts,
7/18/2022 8:32:57,SugaryPlumbs,Lariat,Yes,Yes,Hybrid,Cyber Orange,None,10/21/2021,9/5/2022,Georgia,
7/24/2022 20:15:51,Kobious75,XL,No,No,Hybrid,Velocity Blue,None,10/17/2019,8/22/2022,Washington,
8/19/2022 9:02:30,raisingazfan,XLT,No,No,Hybrid,Area 51,None,10/22/2021,9/5/2022,Alabama,
8/29/2022 10:36:23,u/xj45-,XL,No,No,Hybrid,Cactus Grey,None,6/13/2021,9/5/2022,California,
11/14/2022 9:21:25,Stinkman,Lariat,Yes,Yes,Hybrid,Carbonized Grey,"Moon Roof, Tonneau Cover, Non-Lux Spray-in Bed",10/25/2021,11/14/2022,Massachusetts,
12/6/2022 14:02:04,spacemusician,XL,No,No,Hybrid,Carbonized Grey,None,10/28/2021,12/19/2022,Ohio,
12/8/2022 9:47:08,F13Bubbaa,XLT,No,Yes,Hybrid,Area 51,None,9/18/2022,12/5/2022,Arizona,
1/25/2023 11:35:07,Virgil1008,XLT,Yes,No,Ecoboost,Carbonized Grey,,12/23/2022,2/2/2023,Canada,
2/8/2023 11:43:39,dudebrochief,XLT,Yes,Yes,Hybrid,Cactus Grey,Moon Roof,9/16/2022,3/6/2023,North Carolina,
4/18/2023 20:48:22,CharityIntelligent90,Lariat,Yes,Yes,Hybrid,Shadow Black,Moon Roof,2/16/2023,5/6/2023,Maryland,
5/24/2023 12:16:03,Noofis,XLT,Yes,Yes,Hybrid,Carbonized Grey,Manual Rear Window,9/16/2022,7/24/2023,Minnesota,
5/28/2023 13:07:45,Sharkgator_FL,XLT,No,No,Hybrid,Area 51,None,11/8/2022,3/16/2023,Florida,
[Previous],Darrow_Stark,Lariat,Yes,Yes,Hybrid,Cyber Orange,,June,9/13/2021,,
,oldMaverickguy,XLT,No,No,Hybrid,Area 51,Wheel Locks,June,9/13/2021,,
,Niceon1,XL,No,No,Ecoboost,Area 51,Hitch,June,9/13/2021,,
,Slashy42,XLT,Yes,Yes,Ecoboost,Velocity Blue,Moon Roof,June,9/13/2021,,
,Samesea2012,Lariat,Yes,Yes,Hybrid,Hot Pepper Red,Moon Roof,June,9/13/2021,Texas,
,CLH917,XLT,Yes,No,Ecoboost,Cactus Grey,Manual Window,July,9/13/2021,,
,quando_omni_flunkus,Lariat,Yes,Yes,Hybrid,Cyber Orange,,June,9/13/2021,,
,Manta_Ray8,XLT,Yes,Yes,Ecoboost,Cactus Grey,Moon Roof,July,9/13/2021,,
,Jakefox84,XL,No,No,Ecoboost,Cactus Grey,Moon Roof,June,9/13/2021,,
,aBunchOfBabyDucks44,Lariat,Yes,Yes,Hybrid,Cactus Grey,,June,9/13/2021,,
,Uplandff,XLT,No,No,Ecoboost,Cactus Grey,Full Spare,July,9/13/2021,,
,AOtotheMax,XLT,Yes,Yes,Ecoboost,Area 51,Weather Mats,June,9/13/2021,,
,lightofday999,XLT,Yes,Yes,Hybrid,Alto Blue,Moon Roof,June,9/13/2021,,
,Sufficient_Exchange3,XLT,Yes,Yes,Ecoboost,Cactus Grey,Manual Window,June,9/13/2021,,
,,,,,,,,,9/13/2021,,
,Barefootdan (mavericktruckclub),Lariat,Yes,Yes,Ecoboost,Cactus Grey,,June,9/13/2021,,
,mgelbman (mavericktruckclub),XLT,Yes,No,Ecoboost,Cactus Grey,,June,9/13/2021,,
,jukeboxnero (mavericktruckclub),Lariat,Yes,Yes,Ecoboost,Alto Blue,,June,9/13/2021,,
,flimay2k (mavericktruckclub),XLT,,,,Cactus Grey,,,9/13/2021,,
,JCLO (mavericktruckclub),XLT,,,,Area 51,,,9/13/2021,,
,rob804 (mavericktruckclub),XLT,Yes,Yes,Ecoboost,Cactus Grey,Manual Window,June,9/13/2021,,
,clavicus (mavericktruckclub),Lariat,Yes,Yes,Hybrid,Area 51,Moon Roof,June,9/13/2021,North Carolina,
,pxpaulx (mavericktruckclub),XLT,Yes,Yes,Ecoboost,Cactus Grey,Moon Roof,June,9/13/2021,,
,DoughlasKFresh (mavericktruckclub),Lariat,Yes,Yes,Hybrid,Cactus Grey,Moon Roof,June,9/13/2021,,
,TMFord (mavericktruckclub),XLT,Yes,Yes,Ecoboost,Shadow Black,,,9/13/2021,,
,vseanhalstead,Lariat,Yes,Yes,Ecoboost,Area 51,Tonneau Cover,June,9/13/2021,,
,harker222,XLT,No,No,Ecoboost,Oxford White,Power outlet cab,June,9/13/2021,,